Área	Potencial_Bruto	Raciocínio	Social	Motivacional	Cultura
operações	51.24	49.565	50.82	51.56	44.62
comercial	50.47	55.79	47.53	51.56	42.03
logistica	54.595	56.150000000000006	50.82	54.155	47.655
financeiro	50.43	52.67	54.12	51.56	50.52
pessoas	49.895	53.394999999999996	54.114999999999995	51.56	51.11
